peptide_id,sequence,length,tool,control_type
random_0000,RYSLCILLRDIKWHQEVIF,19,random,random
random_0001,FDCGLYWLRERLPKTVSRDYCQMYK,25,random,random
random_0002,DIWWAKWCGSTRKGW,15,random,random
random_0003,SDSNQMMEGMQSLPVCRDM,19,random,random
random_0004,MEPTAVRQCHTNYSRCHKVFLRSEA,25,random,random
random_0005,YIGLVAVQDIEREF,14,random,random
random_0006,LTKQSSIRVFPHYTFDKQM,19,random,random
random_0007,KALLWWSFRVSNMVVPRMH,19,random,random
random_0008,WPIQCMSPPFSCFTWMERET,20,random,random
random_0009,AFQFDSKMYPDMVPMSVCY,19,random,random
random_0010,ILIDQEERGLACMCL,15,random,random
random_0011,NQFITQWGGGDYPYISWFIRKRKAR,25,random,random
random_0012,VGDRNWLQKRLHPSEIPWNWLLAPK,25,random,random
random_0013,WCYSLIYNIHYKFEC,15,random,random
random_0014,RCWNFDLMQGHFVNTTKGKSLMERD,25,random,random
random_0015,IPVNDPAKVERNKWPNEISA,20,random,random
random_0016,VMYIDRLQEFCCLSEEIVF,19,random,random
random_0017,RNVQWFQESYQKCNHRRIN,19,random,random
random_0018,NVNCPKHERDHYACM,15,random,random
random_0019,FWHDVHWHIMFYAKFFVKGE,20,random,random
random_0020,FANIWMAGKCFQTED,15,random,random
random_0021,RNTWERTIYCTLRACSPQE,19,random,random
random_0022,RDDMYFDFKYWVMPYTLRT,19,random,random
random_0023,QEEVHQRIQMRPQEMQMKN,19,random,random
random_0024,SDDDDQENFVCWVVMEQNQC,20,random,random
random_0025,YLNEWTHFSIENVNEKWIQVYYVAY,25,random,random
random_0026,AGKLMNAGFWPDFADTHPQRMGNLM,25,random,random
random_0027,YDCFGYCDKRQSYRQKHTE,19,random,random
random_0028,QELWSTLCIPYCAHLHFKLMEASQG,25,random,random
random_0029,PVITVNDPCQARDMWQWPQL,20,random,random
random_0030,PAMGYRNDQEIQWPT,15,random,random
random_0031,PLMIMGDTETTHNNF,15,random,random
random_0032,EFKHGYFDGSRWWRWYMMFR,20,random,random
random_0033,SRLKWCNTDLRRCCN,15,random,random
random_0034,DDYYTPRWVCRWHMYSTFCREMDTG,25,random,random
random_0035,IRRTTYGNNLPQMYC,15,random,random
random_0036,MDMEVPLKYFMDWF,14,random,random
random_0037,LPFYDLVPMFTDQTNANLGHMSHIF,25,random,random
random_0038,DLETVTCMYFYPFGGYGRCQ,20,random,random
random_0039,IRYLRIVILSHNWRRLPTTQGHYFK,25,random,random
random_0040,SNVETELDGKRTFQD,15,random,random
random_0041,RNAQCPTNIPDNIAMEMFFC,20,random,random
random_0042,SFSRYADAKHFVYTQELILECIQYR,25,random,random
random_0043,ESYVATWIFLQAYNI,15,random,random
random_0044,QGDTNDTVTTVAPSCPNKA,19,random,random
random_0045,DNIEWMFCNVMGRSGFDRCLHCHCM,25,random,random
random_0046,TPVSKCHLNCMKENQPRPMGSSNTK,25,random,random
random_0047,QDQYGVLMEDMLLRY,15,random,random
random_0048,GRNRCNYQKCDPNTGAFYR,19,random,random
random_0049,FDINNPWCYFRNNRD,15,random,random
