Binder,Pseudo Perplexity
GCRRKCMARRSSLLLLALLAALLSS,19.37675023646624
GTREKMMNRSTSLPLLLALAQAKGK,10.046132945845127
GTEECLMARRTSPLLACACQLLKSS,19.906623072033934
RSREVMKNRRTRLDLACLAAAAKKS,20.288071393847876
GSRRVMMARRTDLLTLLCAAAAAGG,10.908612043040796
GTRECMQNNRSRLLDACCAAQLAKS,12.906834897585894
GTRRVLMNRRSDLLDCCCCQQAKSG,20.67936539090509
GCCGVMMERRTSLLLCLLAAAQLKS,19.83414736173767
DTRGVMQENRRSLDTLAALQQALKK,16.963662088834315
GSCRVCMERLSSLLDLCCARQAAGK,16.401264048274548
RCCEKMKNKSRRLPDACCAAAAAKK,17.840035902940983
RTREVLMEKRSDLLTLCLCQAALKS,19.194518316580883
GCERKLKANLRSLLTCAAARQALSK,20.9430861791037
GCREVCQARSTRLLTCALLQALKSS,12.681222625770344
GCRGVMMNNLSSLDTCCCARLQLGS,16.320314251444092
GCERKMMERRTDLLLLLLCAQAAKK,14.309152463546011
GTCGKCQNRSRDPPLCLAARQQLKS,43.28862941222086
GTRRCMMERLTSLPDACCCRAQLKK,22.636296988837238
DCRGCCQERSTRDLLLALARQALSG,19.229486609855233
RTREVMQAKSSDDLDLCLARLLLKS,16.945948190343444
GCCGVMKENRRSDLLACLCAAQAGK,17.918085159074042
RTREVMQENRRSDLDLACCQLLAGS,23.273443160584783
GCCGVMQARRRDPPTLCLAQLQLSK,21.452250706453206
GTEEVMQARSTDLLTCCCAQQLLSS,15.245057606887373
GTCGCMKNRLTSDLTCAALQQAASG,15.835886080311084
RSEEVLQNRSSRLPDCCAAQLQLSS,20.677249444432725
GSEECCMNNSTRPLTACAAAQQAKK,19.575442303447403
GCCEVMKENRTRLLDLCCCALLKGK,16.175921084050476
GCREVMMERSSSLLDAALAAQAAGS,10.499394329486305
GSCGKMMNRLSRLPDCCALAAQLKK,21.70120610360683
GCEEKMKNKRSSLLTACCCAQLLKS,16.27361567265782
RCREVMQNKLTSPLTALLAQLAKSG,16.033304924310645
